iter	MultiRMSE
0	0.03526168567
1	0.03499116706
2	0.03482460994
3	0.03458870561
4	0.03440697797
5	0.03421556698
6	0.03401304869
7	0.03388363121
8	0.03375064766
9	0.03362370193
